Eccentricity (mm),Proportion (%)
0.525149544,75.99469478
3.502046394,53.28541668
7.508316196,35.73130949
11.52500888,15.49110103
